source,subclass,label,fold,p_spoiled_raw,p_spoiled_swapped,p_spoiled_neutral
healthy/UNADJUSTEDNONRAW_thumb_206.jpg,healthy,0,0,0.0464,0.0473,0.0472
healthy/UNADJUSTEDNONRAW_thumb_207.jpg,healthy,0,2,0.0485,0.0487,0.0482
healthy/UNADJUSTEDNONRAW_thumb_208.jpg,healthy,0,2,0.0510,0.0475,0.0474
healthy/UNADJUSTEDNONRAW_thumb_209.jpg,healthy,0,2,0.0486,0.0492,0.0488
healthy/UNADJUSTEDNONRAW_thumb_20a.jpg,healthy,0,3,0.0489,0.0495,0.0488
healthy/UNADJUSTEDNONRAW_thumb_20b.jpg,healthy,0,1,0.0486,0.0480,0.0482
healthy/UNADJUSTEDNONRAW_thumb_20c.jpg,healthy,0,0,0.0478,0.0475,0.0473
healthy/UNADJUSTEDNONRAW_thumb_20d.jpg,healthy,0,1,0.1598,0.5303,0.4979
healthy/UNADJUSTEDNONRAW_thumb_20e.jpg,healthy,0,3,0.0495,0.0493,0.0491
healthy/UNADJUSTEDNONRAW_thumb_20f.jpg,healthy,0,0,0.0473,0.0475,0.0471
healthy/UNADJUSTEDNONRAW_thumb_210.jpg,healthy,0,1,0.0484,0.0482,0.0481
healthy/UNADJUSTEDNONRAW_thumb_211.jpg,healthy,0,1,0.0486,0.0485,0.0484
healthy/UNADJUSTEDNONRAW_thumb_212.jpg,healthy,0,1,0.0486,0.0487,0.0487
healthy/UNADJUSTEDNONRAW_thumb_213.jpg,healthy,0,1,0.0483,0.0481,0.0480
healthy/UNADJUSTEDNONRAW_thumb_214.jpg,healthy,0,2,0.0473,0.0475,0.0468
healthy/UNADJUSTEDNONRAW_thumb_215.jpg,healthy,0,1,0.0491,0.0489,0.0490
healthy/UNADJUSTEDNONRAW_thumb_216.jpg,healthy,0,1,0.0487,0.0480,0.0482
healthy/UNADJUSTEDNONRAW_thumb_217.jpg,healthy,0,0,0.0473,0.0479,0.0476
healthy/UNADJUSTEDNONRAW_thumb_218.jpg,healthy,0,0,0.0472,0.0476,0.0475
healthy/UNADJUSTEDNONRAW_thumb_219.jpg,healthy,0,2,0.0485,0.0492,0.0486
healthy/UNADJUSTEDNONRAW_thumb_21a.jpg,healthy,0,4,0.0490,0.0481,0.0481
healthy/UNADJUSTEDNONRAW_thumb_21b.jpg,healthy,0,4,0.0488,0.0479,0.0481
healthy/UNADJUSTEDNONRAW_thumb_21c.jpg,healthy,0,4,0.0505,0.0486,0.0488
healthy/UNADJUSTEDNONRAW_thumb_21d.jpg,healthy,0,2,0.0651,0.0495,0.0493
healthy/UNADJUSTEDNONRAW_thumb_21e.jpg,healthy,0,3,0.0494,0.0502,0.0486
healthy/UNADJUSTEDNONRAW_thumb_21f.jpg,healthy,0,0,0.0471,0.0469,0.0470
healthy/UNADJUSTEDNONRAW_thumb_220.jpg,healthy,0,3,0.0466,0.0479,0.0462
healthy/UNADJUSTEDNONRAW_thumb_221.jpg,healthy,0,2,0.0474,0.0487,0.0479
healthy/UNADJUSTEDNONRAW_thumb_222.jpg,healthy,0,1,0.0480,0.0483,0.0479
healthy/UNADJUSTEDNONRAW_thumb_223.jpg,healthy,0,0,0.0474,0.0466,0.0466
healthy/UNADJUSTEDNONRAW_thumb_224.jpg,healthy,0,3,0.0467,0.0492,0.0487
healthy/UNADJUSTEDNONRAW_thumb_225.jpg,healthy,0,3,0.0470,0.0475,0.0460
healthy/UNADJUSTEDNONRAW_thumb_226.jpg,healthy,0,4,0.0482,0.0479,0.0480
healthy/UNADJUSTEDNONRAW_thumb_227.jpg,healthy,0,4,0.0464,0.0459,0.0461
healthy/UNADJUSTEDNONRAW_thumb_228.jpg,healthy,0,1,0.0479,0.0475,0.0474
healthy/UNADJUSTEDNONRAW_thumb_229.jpg,healthy,0,3,0.0473,0.0484,0.0469
healthy/UNADJUSTEDNONRAW_thumb_22a.jpg,healthy,0,3,0.0476,0.0485,0.0480
healthy/UNADJUSTEDNONRAW_thumb_22b.jpg,healthy,0,1,0.0468,0.0475,0.0474
healthy/UNADJUSTEDNONRAW_thumb_22c.jpg,healthy,0,4,0.0481,0.0474,0.0471
healthy/UNADJUSTEDNONRAW_thumb_22d.jpg,healthy,0,2,0.0488,0.0492,0.0487
healthy/UNADJUSTEDNONRAW_thumb_22e.jpg,healthy,0,3,0.0475,0.0484,0.0474
healthy/UNADJUSTEDNONRAW_thumb_22f.jpg,healthy,0,3,0.0481,0.0484,0.0475
healthy/UNADJUSTEDNONRAW_thumb_230.jpg,healthy,0,4,0.0489,0.0488,0.0489
healthy/UNADJUSTEDNONRAW_thumb_231.jpg,healthy,0,0,0.0465,0.0478,0.0480
healthy/UNADJUSTEDNONRAW_thumb_232.jpg,healthy,0,0,0.0468,0.0479,0.0481
healthy/UNADJUSTEDNONRAW_thumb_233.jpg,healthy,0,0,0.0468,0.0480,0.0482
healthy/UNADJUSTEDNONRAW_thumb_234.jpg,healthy,0,0,0.0466,0.0478,0.0479
healthy/UNADJUSTEDNONRAW_thumb_235.jpg,healthy,0,0,0.0467,0.0482,0.0483
healthy/UNADJUSTEDNONRAW_thumb_236.jpg,healthy,0,0,0.0467,0.0479,0.0480
healthy/UNADJUSTEDNONRAW_thumb_237.jpg,healthy,0,0,0.0466,0.0480,0.0481
healthy/UNADJUSTEDNONRAW_thumb_238.jpg,healthy,0,0,0.0466,0.0480,0.0482
healthy/UNADJUSTEDNONRAW_thumb_239.jpg,healthy,0,0,0.0467,0.0479,0.0481
healthy/UNADJUSTEDNONRAW_thumb_23a.jpg,healthy,0,0,0.0467,0.0480,0.0481
healthy/UNADJUSTEDNONRAW_thumb_23b.jpg,healthy,0,0,0.0467,0.0480,0.0480
healthy/UNADJUSTEDNONRAW_thumb_23d.jpg,healthy,0,1,0.0470,0.0478,0.0476
healthy/UNADJUSTEDNONRAW_thumb_23e.jpg,healthy,0,1,0.0465,0.0477,0.0475
healthy/UNADJUSTEDNONRAW_thumb_23f.jpg,healthy,0,1,0.0473,0.0478,0.0478
healthy/UNADJUSTEDNONRAW_thumb_240.jpg,healthy,0,1,0.0480,0.0482,0.0479
healthy/UNADJUSTEDNONRAW_thumb_241.jpg,healthy,0,1,0.0481,0.0485,0.0483
healthy/UNADJUSTEDNONRAW_thumb_242.jpg,healthy,0,4,0.0472,0.0466,0.0465
healthy/UNADJUSTEDNONRAW_thumb_243.jpg,healthy,0,4,0.0467,0.0466,0.0469
healthy/UNADJUSTEDNONRAW_thumb_244.jpg,healthy,0,3,0.0466,0.0483,0.0469
healthy/UNADJUSTEDNONRAW_thumb_245.jpg,healthy,0,1,0.0472,0.0474,0.0472
healthy/UNADJUSTEDNONRAW_thumb_246.jpg,healthy,0,0,0.0475,0.0471,0.0468
healthy/UNADJUSTEDNONRAW_thumb_247.jpg,healthy,0,0,0.0477,0.0473,0.0471
healthy/UNADJUSTEDNONRAW_thumb_248.jpg,healthy,0,0,0.0469,0.0480,0.0478
healthy/UNADJUSTEDNONRAW_thumb_249.jpg,healthy,0,4,0.0476,0.0476,0.0477
healthy/UNADJUSTEDNONRAW_thumb_24a.jpg,healthy,0,4,0.0477,0.0475,0.0479
healthy/UNADJUSTEDNONRAW_thumb_24b.jpg,healthy,0,4,0.0478,0.0475,0.0475
healthy/UNADJUSTEDNONRAW_thumb_24c.jpg,healthy,0,3,0.0474,0.0492,0.0483
healthy/UNADJUSTEDNONRAW_thumb_24d.jpg,healthy,0,3,0.0474,0.0491,0.0480
healthy/UNADJUSTEDNONRAW_thumb_24e.jpg,healthy,0,1,0.0479,0.0485,0.0482
healthy/UNADJUSTEDNONRAW_thumb_24f.jpg,healthy,0,1,0.0473,0.0476,0.0476
algal leaf/UNADJUSTEDNONRAW_thumb_1.jpg,algal leaf,1,4,0.9514,0.9536,0.9538
algal leaf/UNADJUSTEDNONRAW_thumb_10.jpg,algal leaf,1,4,0.9518,0.9517,0.9520
algal leaf/UNADJUSTEDNONRAW_thumb_11.jpg,algal leaf,1,1,0.9506,0.9510,0.9512
algal leaf/UNADJUSTEDNONRAW_thumb_12.jpg,algal leaf,1,0,0.9544,0.9544,0.9546
algal leaf/UNADJUSTEDNONRAW_thumb_13.jpg,algal leaf,1,1,0.9520,0.9522,0.9522
algal leaf/UNADJUSTEDNONRAW_thumb_14.jpg,algal leaf,1,0,0.9548,0.9554,0.9554
algal leaf/UNADJUSTEDNONRAW_thumb_15.jpg,algal leaf,1,0,0.9539,0.9547,0.9545
algal leaf/UNADJUSTEDNONRAW_thumb_16.jpg,algal leaf,1,3,0.9514,0.9498,0.9499
algal leaf/UNADJUSTEDNONRAW_thumb_17.jpg,algal leaf,1,0,0.9508,0.9527,0.9524
algal leaf/UNADJUSTEDNONRAW_thumb_18.jpg,algal leaf,1,2,0.9511,0.9517,0.9513
algal leaf/UNADJUSTEDNONRAW_thumb_19.jpg,algal leaf,1,1,0.9510,0.9525,0.9525
algal leaf/UNADJUSTEDNONRAW_thumb_1a.jpg,algal leaf,1,4,0.9503,0.9510,0.9510
algal leaf/UNADJUSTEDNONRAW_thumb_1b.jpg,algal leaf,1,1,0.9524,0.9523,0.9522
algal leaf/UNADJUSTEDNONRAW_thumb_1c.jpg,algal leaf,1,3,0.9522,0.9532,0.9526
algal leaf/UNADJUSTEDNONRAW_thumb_1d.jpg,algal leaf,1,0,0.9522,0.9518,0.9519
algal leaf/UNADJUSTEDNONRAW_thumb_1e.jpg,algal leaf,1,3,0.9522,0.9508,0.9508
algal leaf/UNADJUSTEDNONRAW_thumb_1f.jpg,algal leaf,1,0,0.9516,0.9511,0.9510
algal leaf/UNADJUSTEDNONRAW_thumb_2.jpg,algal leaf,1,1,0.9528,0.9529,0.9529
algal leaf/UNADJUSTEDNONRAW_thumb_20.jpg,algal leaf,1,3,0.9526,0.9520,0.9517
algal leaf/UNADJUSTEDNONRAW_thumb_21.jpg,algal leaf,1,2,0.9516,0.9520,0.9516
algal leaf/UNADJUSTEDNONRAW_thumb_22.jpg,algal leaf,1,2,0.9498,0.9504,0.9502
algal leaf/UNADJUSTEDNONRAW_thumb_23.jpg,algal leaf,1,4,0.9534,0.9534,0.9534
algal leaf/UNADJUSTEDNONRAW_thumb_24.jpg,algal leaf,1,3,0.9499,0.9515,0.9507
algal leaf/UNADJUSTEDNONRAW_thumb_25.jpg,algal leaf,1,1,0.9540,0.9542,0.9538
algal leaf/UNADJUSTEDNONRAW_thumb_26.jpg,algal leaf,1,4,0.9509,0.9497,0.9498
algal leaf/UNADJUSTEDNONRAW_thumb_27.jpg,algal leaf,1,1,0.9513,0.9523,0.9519
algal leaf/UNADJUSTEDNONRAW_thumb_28.jpg,algal leaf,1,3,0.9477,0.9485,0.9485
algal leaf/UNADJUSTEDNONRAW_thumb_29.jpg,algal leaf,1,4,0.9516,0.9525,0.9526
algal leaf/UNADJUSTEDNONRAW_thumb_2a.jpg,algal leaf,1,1,0.9524,0.9528,0.9531
algal leaf/UNADJUSTEDNONRAW_thumb_2b.jpg,algal leaf,1,2,0.9498,0.9510,0.9507
algal leaf/UNADJUSTEDNONRAW_thumb_2c.jpg,algal leaf,1,0,0.9527,0.9520,0.9520
algal leaf/UNADJUSTEDNONRAW_thumb_2d.jpg,algal leaf,1,4,0.9511,0.9520,0.9525
algal leaf/UNADJUSTEDNONRAW_thumb_2e.jpg,algal leaf,1,3,0.9482,0.9487,0.9489
algal leaf/UNADJUSTEDNONRAW_thumb_2f.jpg,algal leaf,1,0,0.9542,0.9552,0.9552
algal leaf/UNADJUSTEDNONRAW_thumb_3.jpg,algal leaf,1,2,0.9521,0.9525,0.9516
algal leaf/UNADJUSTEDNONRAW_thumb_30.jpg,algal leaf,1,4,0.9506,0.9507,0.9507
algal leaf/UNADJUSTEDNONRAW_thumb_31.jpg,algal leaf,1,4,0.9506,0.9512,0.9515
algal leaf/UNADJUSTEDNONRAW_thumb_32.jpg,algal leaf,1,1,0.9523,0.9532,0.9530
algal leaf/UNADJUSTEDNONRAW_thumb_33.jpg,algal leaf,1,2,0.9510,0.9511,0.9504
algal leaf/UNADJUSTEDNONRAW_thumb_34.jpg,algal leaf,1,4,0.9488,0.9493,0.9493
algal leaf/UNADJUSTEDNONRAW_thumb_35.jpg,algal leaf,1,2,0.9502,0.9498,0.9492
algal leaf/UNADJUSTEDNONRAW_thumb_36.jpg,algal leaf,1,4,0.9503,0.9510,0.9512
algal leaf/UNADJUSTEDNONRAW_thumb_37.jpg,algal leaf,1,2,0.9519,0.9511,0.9511
algal leaf/UNADJUSTEDNONRAW_thumb_38.jpg,algal leaf,1,0,0.9503,0.9490,0.9492
algal leaf/UNADJUSTEDNONRAW_thumb_39.jpg,algal leaf,1,1,0.9527,0.9522,0.9521
algal leaf/UNADJUSTEDNONRAW_thumb_3a.jpg,algal leaf,1,3,0.9500,0.9498,0.9498
algal leaf/UNADJUSTEDNONRAW_thumb_3b.jpg,algal leaf,1,4,0.9525,0.9529,0.9527
algal leaf/UNADJUSTEDNONRAW_thumb_3c.jpg,algal leaf,1,2,0.9499,0.9508,0.9500
algal leaf/UNADJUSTEDNONRAW_thumb_3d.jpg,algal leaf,1,1,0.9527,0.9533,0.9530
algal leaf/UNADJUSTEDNONRAW_thumb_3e.jpg,algal leaf,1,1,0.9517,0.9521,0.9518
algal leaf/UNADJUSTEDNONRAW_thumb_3f.jpg,algal leaf,1,3,0.9501,0.9504,0.9503
algal leaf/UNADJUSTEDNONRAW_thumb_4.jpg,algal leaf,1,2,0.9509,0.9512,0.9512
algal leaf/UNADJUSTEDNONRAW_thumb_40.jpg,algal leaf,1,3,0.9529,0.9532,0.9527
algal leaf/UNADJUSTEDNONRAW_thumb_41.jpg,algal leaf,1,0,0.9526,0.9539,0.9536
algal leaf/UNADJUSTEDNONRAW_thumb_42.jpg,algal leaf,1,3,0.9480,0.9483,0.9480
algal leaf/UNADJUSTEDNONRAW_thumb_43.jpg,algal leaf,1,2,0.9511,0.9508,0.9505
algal leaf/UNADJUSTEDNONRAW_thumb_44.jpg,algal leaf,1,3,0.9497,0.9478,0.9476
algal leaf/UNADJUSTEDNONRAW_thumb_45.jpg,algal leaf,1,3,0.9478,0.9494,0.9496
algal leaf/UNADJUSTEDNONRAW_thumb_46.jpg,algal leaf,1,1,0.9519,0.9534,0.9534
algal leaf/UNADJUSTEDNONRAW_thumb_47.jpg,algal leaf,1,1,0.9526,0.9530,0.9524
algal leaf/UNADJUSTEDNONRAW_thumb_48.jpg,algal leaf,1,2,0.9513,0.9508,0.9501
algal leaf/UNADJUSTEDNONRAW_thumb_49.jpg,algal leaf,1,3,0.9476,0.9476,0.9478
algal leaf/UNADJUSTEDNONRAW_thumb_4a.jpg,algal leaf,1,3,0.9490,0.9482,0.9484
algal leaf/UNADJUSTEDNONRAW_thumb_4b.jpg,algal leaf,1,0,0.9563,0.9564,0.9565
algal leaf/UNADJUSTEDNONRAW_thumb_4c.jpg,algal leaf,1,2,0.9497,0.9503,0.9499
algal leaf/UNADJUSTEDNONRAW_thumb_4d.jpg,algal leaf,1,1,0.9532,0.9534,0.9533
algal leaf/UNADJUSTEDNONRAW_thumb_4e.jpg,algal leaf,1,1,0.9544,0.9545,0.9542
algal leaf/UNADJUSTEDNONRAW_thumb_4f.jpg,algal leaf,1,3,0.9511,0.9509,0.9503
algal leaf/UNADJUSTEDNONRAW_thumb_5.jpg,algal leaf,1,3,0.9510,0.9500,0.9504
algal leaf/UNADJUSTEDNONRAW_thumb_50.jpg,algal leaf,1,4,0.9499,0.9505,0.9505
algal leaf/UNADJUSTEDNONRAW_thumb_51.jpg,algal leaf,1,2,0.9511,0.9516,0.9515
algal leaf/UNADJUSTEDNONRAW_thumb_52.jpg,algal leaf,1,3,0.9506,0.9492,0.9490
algal leaf/UNADJUSTEDNONRAW_thumb_53.jpg,algal leaf,1,1,0.9514,0.9511,0.9513
algal leaf/UNADJUSTEDNONRAW_thumb_54.jpg,algal leaf,1,4,0.9509,0.9513,0.9516
algal leaf/UNADJUSTEDNONRAW_thumb_55.jpg,algal leaf,1,3,0.9519,0.9516,0.9518
algal leaf/UNADJUSTEDNONRAW_thumb_56.jpg,algal leaf,1,2,0.9511,0.9506,0.9504
algal leaf/UNADJUSTEDNONRAW_thumb_57.jpg,algal leaf,1,1,0.9527,0.9530,0.9528
algal leaf/UNADJUSTEDNONRAW_thumb_58.jpg,algal leaf,1,1,0.9539,0.9531,0.9532
algal leaf/UNADJUSTEDNONRAW_thumb_59.jpg,algal leaf,1,2,0.9502,0.9510,0.9508
algal leaf/UNADJUSTEDNONRAW_thumb_5a.jpg,algal leaf,1,2,0.9520,0.9523,0.9518
algal leaf/UNADJUSTEDNONRAW_thumb_5b.jpg,algal leaf,1,1,0.9515,0.9524,0.9520
algal leaf/UNADJUSTEDNONRAW_thumb_5c.jpg,algal leaf,1,0,0.9506,0.9493,0.9493
algal leaf/UNADJUSTEDNONRAW_thumb_5d.jpg,algal leaf,1,0,0.9518,0.9531,0.9529
algal leaf/UNADJUSTEDNONRAW_thumb_5e.jpg,algal leaf,1,3,0.9517,0.9524,0.9526
algal leaf/UNADJUSTEDNONRAW_thumb_5f.jpg,algal leaf,1,0,0.9538,0.9541,0.9539
algal leaf/UNADJUSTEDNONRAW_thumb_6.jpg,algal leaf,1,2,0.9510,0.9509,0.9507
algal leaf/UNADJUSTEDNONRAW_thumb_60.jpg,algal leaf,1,4,0.9477,0.9489,0.9487
algal leaf/UNADJUSTEDNONRAW_thumb_61.jpg,algal leaf,1,4,0.9506,0.9511,0.9513
algal leaf/UNADJUSTEDNONRAW_thumb_62.jpg,algal leaf,1,0,0.9525,0.9529,0.9527
algal leaf/UNADJUSTEDNONRAW_thumb_63.jpg,algal leaf,1,0,0.9498,0.9491,0.9494
algal leaf/UNADJUSTEDNONRAW_thumb_64.jpg,algal leaf,1,1,0.9518,0.9521,0.9518
algal leaf/UNADJUSTEDNONRAW_thumb_65.jpg,algal leaf,1,1,0.9520,0.9535,0.9534
algal leaf/UNADJUSTEDNONRAW_thumb_66.jpg,algal leaf,1,0,0.9516,0.9519,0.9520
algal leaf/UNADJUSTEDNONRAW_thumb_67.jpg,algal leaf,1,2,0.9527,0.9520,0.9523
algal leaf/UNADJUSTEDNONRAW_thumb_68.jpg,algal leaf,1,0,0.9515,0.9522,0.9520
algal leaf/UNADJUSTEDNONRAW_thumb_69.jpg,algal leaf,1,2,0.9513,0.9522,0.9520
algal leaf/UNADJUSTEDNONRAW_thumb_6a.jpg,algal leaf,1,3,0.9485,0.9487,0.9486
algal leaf/UNADJUSTEDNONRAW_thumb_6b.jpg,algal leaf,1,1,0.9514,0.9518,0.9516
algal leaf/UNADJUSTEDNONRAW_thumb_6c.jpg,algal leaf,1,3,0.9504,0.9508,0.9506
algal leaf/UNADJUSTEDNONRAW_thumb_6d.jpg,algal leaf,1,1,0.9542,0.9546,0.9544
algal leaf/UNADJUSTEDNONRAW_thumb_6e.jpg,algal leaf,1,1,0.9531,0.9536,0.9536
algal leaf/UNADJUSTEDNONRAW_thumb_6f.jpg,algal leaf,1,1,0.9520,0.9525,0.9522
algal leaf/UNADJUSTEDNONRAW_thumb_7.jpg,algal leaf,1,0,0.9530,0.9535,0.9533
algal leaf/UNADJUSTEDNONRAW_thumb_70.jpg,algal leaf,1,2,0.9507,0.9513,0.9507
algal leaf/UNADJUSTEDNONRAW_thumb_71.jpg,algal leaf,1,3,0.9485,0.9477,0.9478
algal leaf/UNADJUSTEDNONRAW_thumb_8.jpg,algal leaf,1,4,0.9519,0.9520,0.9521
algal leaf/UNADJUSTEDNONRAW_thumb_9.jpg,algal leaf,1,3,0.9506,0.9489,0.9497
algal leaf/UNADJUSTEDNONRAW_thumb_a.jpg,algal leaf,1,1,0.9532,0.9529,0.9531
algal leaf/UNADJUSTEDNONRAW_thumb_b.jpg,algal leaf,1,0,0.9521,0.9507,0.9507
algal leaf/UNADJUSTEDNONRAW_thumb_c.jpg,algal leaf,1,4,0.9507,0.9507,0.9511
algal leaf/UNADJUSTEDNONRAW_thumb_d.jpg,algal leaf,1,3,0.9491,0.9500,0.9499
algal leaf/UNADJUSTEDNONRAW_thumb_e.jpg,algal leaf,1,3,0.9502,0.9495,0.9497
algal leaf/UNADJUSTEDNONRAW_thumb_f.jpg,algal leaf,1,1,0.9512,0.9517,0.9512
brown blight/UNADJUSTEDNONRAW_thumb_102.jpg,brown blight,1,0,0.9541,0.9540,0.9540
brown blight/UNADJUSTEDNONRAW_thumb_103.jpg,brown blight,1,3,0.9505,0.9502,0.9506
brown blight/UNADJUSTEDNONRAW_thumb_104.jpg,brown blight,1,1,0.9526,0.9528,0.9527
brown blight/UNADJUSTEDNONRAW_thumb_105.jpg,brown blight,1,2,0.9516,0.9528,0.9527
brown blight/UNADJUSTEDNONRAW_thumb_106.jpg,brown blight,1,2,0.9513,0.9497,0.9495
brown blight/UNADJUSTEDNONRAW_thumb_107.jpg,brown blight,1,3,0.9504,0.9504,0.9502
brown blight/UNADJUSTEDNONRAW_thumb_108.jpg,brown blight,1,4,0.9514,0.9510,0.9512
brown blight/UNADJUSTEDNONRAW_thumb_109.jpg,brown blight,1,4,0.9517,0.9519,0.9523
brown blight/UNADJUSTEDNONRAW_thumb_10a.jpg,brown blight,1,4,0.9500,0.9505,0.9508
brown blight/UNADJUSTEDNONRAW_thumb_10b.jpg,brown blight,1,1,0.9512,0.9524,0.9525
brown blight/UNADJUSTEDNONRAW_thumb_10c.jpg,brown blight,1,3,0.9501,0.9494,0.9495
brown blight/UNADJUSTEDNONRAW_thumb_10d.jpg,brown blight,1,2,0.9523,0.9524,0.9524
brown blight/UNADJUSTEDNONRAW_thumb_10e.jpg,brown blight,1,0,0.9513,0.9513,0.9518
brown blight/UNADJUSTEDNONRAW_thumb_10f.jpg,brown blight,1,2,0.9505,0.9506,0.9505
brown blight/UNADJUSTEDNONRAW_thumb_110.jpg,brown blight,1,4,0.9549,0.9537,0.9540
brown blight/UNADJUSTEDNONRAW_thumb_111.jpg,brown blight,1,0,0.9515,0.9515,0.9514
brown blight/UNADJUSTEDNONRAW_thumb_112.jpg,brown blight,1,0,0.9505,0.9505,0.9507
brown blight/UNADJUSTEDNONRAW_thumb_113.jpg,brown blight,1,1,0.9523,0.9532,0.9534
brown blight/UNADJUSTEDNONRAW_thumb_114.jpg,brown blight,1,0,0.9504,0.9511,0.9512
brown blight/UNADJUSTEDNONRAW_thumb_115.jpg,brown blight,1,2,0.9492,0.9504,0.9501
brown blight/UNADJUSTEDNONRAW_thumb_116.jpg,brown blight,1,2,0.9530,0.9527,0.9534
brown blight/UNADJUSTEDNONRAW_thumb_117.jpg,brown blight,1,0,0.9510,0.9517,0.9519
brown blight/UNADJUSTEDNONRAW_thumb_118.jpg,brown blight,1,1,0.9527,0.9536,0.9536
brown blight/UNADJUSTEDNONRAW_thumb_119.jpg,brown blight,1,4,0.9509,0.9507,0.9513
brown blight/UNADJUSTEDNONRAW_thumb_11a.jpg,brown blight,1,3,0.9499,0.9491,0.9499
brown blight/UNADJUSTEDNONRAW_thumb_11b.jpg,brown blight,1,2,0.9515,0.9521,0.9521
brown blight/UNADJUSTEDNONRAW_thumb_11c.jpg,brown blight,1,3,0.9483,0.9472,0.9475
brown blight/UNADJUSTEDNONRAW_thumb_11d.jpg,brown blight,1,2,0.9502,0.9498,0.9496
brown blight/UNADJUSTEDNONRAW_thumb_11e.jpg,brown blight,1,1,0.9535,0.9546,0.9547
brown blight/UNADJUSTEDNONRAW_thumb_11f.jpg,brown blight,1,2,0.9508,0.9513,0.9509
brown blight/UNADJUSTEDNONRAW_thumb_120.jpg,brown blight,1,3,0.9519,0.9501,0.9499
brown blight/UNADJUSTEDNONRAW_thumb_121.jpg,brown blight,1,3,0.9525,0.9527,0.9529
brown blight/UNADJUSTEDNONRAW_thumb_122.jpg,brown blight,1,0,0.9528,0.9534,0.9536
brown blight/UNADJUSTEDNONRAW_thumb_123.jpg,brown blight,1,2,0.9507,0.9515,0.9512
brown blight/UNADJUSTEDNONRAW_thumb_124.jpg,brown blight,1,1,0.9532,0.9529,0.9526
brown blight/UNADJUSTEDNONRAW_thumb_125.jpg,brown blight,1,1,0.9525,0.9527,0.9526
brown blight/UNADJUSTEDNONRAW_thumb_126.jpg,brown blight,1,3,0.9491,0.9491,0.9492
brown blight/UNADJUSTEDNONRAW_thumb_127.jpg,brown blight,1,0,0.9514,0.9512,0.9509
brown blight/UNADJUSTEDNONRAW_thumb_128.jpg,brown blight,1,4,0.9513,0.9511,0.9512
brown blight/UNADJUSTEDNONRAW_thumb_129.jpg,brown blight,1,3,0.9516,0.9507,0.9510
brown blight/UNADJUSTEDNONRAW_thumb_12a.jpg,brown blight,1,4,0.9510,0.9514,0.9514
brown blight/UNADJUSTEDNONRAW_thumb_12b.jpg,brown blight,1,2,0.9533,0.9540,0.9534
brown blight/UNADJUSTEDNONRAW_thumb_12c.jpg,brown blight,1,4,0.9530,0.9522,0.9526
brown blight/UNADJUSTEDNONRAW_thumb_12d.jpg,brown blight,1,2,0.9503,0.9514,0.9511
brown blight/UNADJUSTEDNONRAW_thumb_12e.jpg,brown blight,1,2,0.9519,0.9507,0.9500
brown blight/UNADJUSTEDNONRAW_thumb_12f.jpg,brown blight,1,3,0.9517,0.9523,0.9520
brown blight/UNADJUSTEDNONRAW_thumb_130.jpg,brown blight,1,1,0.9521,0.9527,0.9527
brown blight/UNADJUSTEDNONRAW_thumb_131.jpg,brown blight,1,4,0.9496,0.9504,0.9508
brown blight/UNADJUSTEDNONRAW_thumb_132.jpg,brown blight,1,2,0.9511,0.9511,0.9509
brown blight/UNADJUSTEDNONRAW_thumb_133.jpg,brown blight,1,4,0.9520,0.9510,0.9513
brown blight/UNADJUSTEDNONRAW_thumb_134.jpg,brown blight,1,2,0.9517,0.9499,0.9498
brown blight/UNADJUSTEDNONRAW_thumb_135.jpg,brown blight,1,4,0.9514,0.9508,0.9513
brown blight/UNADJUSTEDNONRAW_thumb_136.jpg,brown blight,1,1,0.9520,0.9523,0.9522
brown blight/UNADJUSTEDNONRAW_thumb_137.jpg,brown blight,1,2,0.9521,0.9505,0.9503
brown blight/UNADJUSTEDNONRAW_thumb_138.jpg,brown blight,1,3,0.9501,0.9511,0.9511
brown blight/UNADJUSTEDNONRAW_thumb_139.jpg,brown blight,1,0,0.9516,0.9507,0.9511
brown blight/UNADJUSTEDNONRAW_thumb_13a.jpg,brown blight,1,0,0.9550,0.9549,0.9546
brown blight/UNADJUSTEDNONRAW_thumb_13b.jpg,brown blight,1,1,0.9529,0.9529,0.9527
brown blight/UNADJUSTEDNONRAW_thumb_13c.jpg,brown blight,1,3,0.9488,0.9494,0.9490
brown blight/UNADJUSTEDNONRAW_thumb_13d.jpg,brown blight,1,2,0.9566,0.9529,0.9525
brown blight/UNADJUSTEDNONRAW_thumb_13e.jpg,brown blight,1,0,0.9516,0.9507,0.9507
brown blight/UNADJUSTEDNONRAW_thumb_13f.jpg,brown blight,1,0,0.9535,0.9535,0.9537
brown blight/UNADJUSTEDNONRAW_thumb_140.jpg,brown blight,1,1,0.9521,0.9523,0.9521
brown blight/UNADJUSTEDNONRAW_thumb_141.jpg,brown blight,1,4,0.9531,0.9521,0.9527
brown blight/UNADJUSTEDNONRAW_thumb_142.jpg,brown blight,1,0,0.9532,0.9533,0.9532
brown blight/UNADJUSTEDNONRAW_thumb_143.jpg,brown blight,1,0,0.9536,0.9542,0.9538
brown blight/UNADJUSTEDNONRAW_thumb_144.jpg,brown blight,1,4,0.9508,0.9508,0.9515
brown blight/UNADJUSTEDNONRAW_thumb_145.jpg,brown blight,1,3,0.9515,0.9507,0.9505
brown blight/UNADJUSTEDNONRAW_thumb_146.jpg,brown blight,1,1,0.9524,0.9527,0.9526
brown blight/UNADJUSTEDNONRAW_thumb_147.jpg,brown blight,1,2,0.9502,0.9506,0.9510
brown blight/UNADJUSTEDNONRAW_thumb_148.jpg,brown blight,1,3,0.9475,0.9490,0.9488
brown blight/UNADJUSTEDNONRAW_thumb_149.jpg,brown blight,1,1,0.9511,0.9521,0.9519
brown blight/UNADJUSTEDNONRAW_thumb_14a.jpg,brown blight,1,4,0.9519,0.9522,0.9523
brown blight/UNADJUSTEDNONRAW_thumb_14b.jpg,brown blight,1,0,0.9509,0.9527,0.9529
brown blight/UNADJUSTEDNONRAW_thumb_14c.jpg,brown blight,1,0,0.9552,0.9542,0.9539
brown blight/UNADJUSTEDNONRAW_thumb_14d.jpg,brown blight,1,2,0.9528,0.9534,0.9529
brown blight/UNADJUSTEDNONRAW_thumb_14e.jpg,brown blight,1,4,0.9508,0.9531,0.9538
brown blight/UNADJUSTEDNONRAW_thumb_14f.jpg,brown blight,1,3,0.9533,0.9534,0.9533
brown blight/UNADJUSTEDNONRAW_thumb_150.jpg,brown blight,1,3,0.9589,0.9570,0.9563
brown blight/UNADJUSTEDNONRAW_thumb_151.jpg,brown blight,1,1,0.9553,0.9556,0.9562
brown blight/UNADJUSTEDNONRAW_thumb_152.jpg,brown blight,1,0,0.9538,0.9540,0.9540
brown blight/UNADJUSTEDNONRAW_thumb_153.jpg,brown blight,1,3,0.9520,0.9520,0.9519
brown blight/UNADJUSTEDNONRAW_thumb_154.jpg,brown blight,1,4,0.9525,0.9520,0.9523
brown blight/UNADJUSTEDNONRAW_thumb_155.jpg,brown blight,1,4,0.9517,0.9514,0.9517
brown blight/UNADJUSTEDNONRAW_thumb_156.jpg,brown blight,1,0,0.9545,0.9548,0.9545
brown blight/UNADJUSTEDNONRAW_thumb_157.jpg,brown blight,1,2,0.9516,0.9512,0.9508
brown blight/UNADJUSTEDNONRAW_thumb_158.jpg,brown blight,1,4,0.9527,0.9527,0.9528
brown blight/UNADJUSTEDNONRAW_thumb_159.jpg,brown blight,1,4,0.9560,0.9539,0.9546
brown blight/UNADJUSTEDNONRAW_thumb_15a.jpg,brown blight,1,3,0.9503,0.9503,0.9506
brown blight/UNADJUSTEDNONRAW_thumb_15b.jpg,brown blight,1,2,0.9518,0.9533,0.9528
brown blight/UNADJUSTEDNONRAW_thumb_15c.jpg,brown blight,1,3,0.9534,0.9543,0.9536
brown blight/UNADJUSTEDNONRAW_thumb_15d.jpg,brown blight,1,0,0.9510,0.9504,0.9509
brown blight/UNADJUSTEDNONRAW_thumb_15e.jpg,brown blight,1,3,0.9490,0.9490,0.9491
brown blight/UNADJUSTEDNONRAW_thumb_15f.jpg,brown blight,1,0,0.9509,0.9515,0.9513
brown blight/UNADJUSTEDNONRAW_thumb_160.jpg,brown blight,1,2,0.9519,0.9515,0.9514
brown blight/UNADJUSTEDNONRAW_thumb_161.jpg,brown blight,1,3,0.9492,0.9499,0.9499
brown blight/UNADJUSTEDNONRAW_thumb_162.jpg,brown blight,1,1,0.9508,0.9520,0.9521
brown blight/UNADJUSTEDNONRAW_thumb_163.jpg,brown blight,1,0,0.9524,0.9530,0.9531
brown blight/UNADJUSTEDNONRAW_thumb_164.jpg,brown blight,1,2,0.9493,0.9499,0.9498
brown blight/UNADJUSTEDNONRAW_thumb_165.jpg,brown blight,1,2,0.9529,0.9523,0.9520
brown blight/UNADJUSTEDNONRAW_thumb_166.jpg,brown blight,1,3,0.9507,0.9508,0.9509
brown blight/UNADJUSTEDNONRAW_thumb_167.jpg,brown blight,1,4,0.9501,0.9509,0.9513
brown blight/UNADJUSTEDNONRAW_thumb_168.jpg,brown blight,1,0,0.9528,0.9528,0.9528
brown blight/UNADJUSTEDNONRAW_thumb_169.jpg,brown blight,1,4,0.9502,0.9507,0.9513
brown blight/UNADJUSTEDNONRAW_thumb_16a.jpg,brown blight,1,3,0.9521,0.9509,0.9510
brown blight/UNADJUSTEDNONRAW_thumb_16b.jpg,brown blight,1,4,0.9514,0.9518,0.9520
brown blight/UNADJUSTEDNONRAW_thumb_16c.jpg,brown blight,1,2,0.9518,0.9527,0.9523
brown blight/UNADJUSTEDNONRAW_thumb_16d.jpg,brown blight,1,2,0.9529,0.9510,0.9507
brown blight/UNADJUSTEDNONRAW_thumb_16e.jpg,brown blight,1,0,0.9514,0.9516,0.9516
brown blight/UNADJUSTEDNONRAW_thumb_16f.jpg,brown blight,1,0,0.9509,0.9510,0.9513
brown blight/UNADJUSTEDNONRAW_thumb_170.jpg,brown blight,1,2,0.9503,0.9502,0.9502
brown blight/UNADJUSTEDNONRAW_thumb_171.jpg,brown blight,1,3,0.9488,0.9491,0.9490
brown blight/UNADJUSTEDNONRAW_thumb_172.jpg,brown blight,1,1,0.9516,0.9521,0.9528
